name,phone,email,company,currency
Damon,056 2676 5246,nulla@google.edu,23,$7075
Maggie,0800 722265,mauris.blandit@google.com,44,$6158
Luke,055 1154 7933,lorem.ipsum.dolor@protonmail.org,37,$7487
Jada,070 8133 8683,suspendisse.non@protonmail.couk,39,$8900
Ivan,0845 725 3864,per.inceptos.hymenaeos@hotmail.org,52,$5748
Alice,056 7856 3477,hendrerit.donec@hotmail.org,53,$8402
Nyssa,055 1661 2386,dolor@aol.ca,54,$6010
Calvin,0500 127380,eget@aol.ca,59,$6842
Stone,0800 188 2247,aenean.euismod@protonmail.com,42,$5645
Mona,(01646) 24156,fusce.diam@google.couk,34,$6684
Theodore,07624 880275,mollis.non@icloud.com,51,$6176
Channing,0800 341 2015,proin@icloud.edu,32,$9357
Charles,0500 173859,libero.et.tristique@google.ca,45,$9863
Gary,055 7185 3697,nec@protonmail.com,58,$6329
Norman,070 6057 1717,ornare.tortor.at@yahoo.org,32,$6619
Sonia,0845 46 46,velit.aliquam@aol.ca,18,$7149
Colby,0800 1111,scelerisque@icloud.net,43,$5458
Teagan,0800 461162,interdum.sed.auctor@yahoo.com,19,$9443
Yuri,07624 365441,nec@icloud.org,53,$5260
Griffin,0878 328 6563,gravida.praesent@google.ca,56,$6706
Asher,056 8148 2753,amet.risus.donec@aol.net,32,$9875
Brady,0972 442 4387,montes.nascetur@protonmail.edu,21,$6854
Tamara,(01381) 83056,cras.eget.nisi@yahoo.couk,51,$6725
Dominic,(01663) 77372,velit@google.couk,47,$8142
Lester,056 8716 1257,dictum.proin.eget@outlook.com,39,$9955
Miranda,0800 156376,proin.non.massa@google.ca,22,$5005
Ryan,07551 859791,donec.est@aol.couk,26,$7079
Quinn,07624 782742,neque.sed.eget@outlook.couk,41,$6723
Norman,0800 1111,nibh@protonmail.com,27,$5561
Carly,0800 036739,duis.ac.arcu@yahoo.couk,39,$5368
Scarlet,07506 749550,nisi.nibh@protonmail.net,42,$6318
Althea,0945 648 2510,egestas.ligula@google.com,52,$8856
Stella,076 2526 5737,ac.urna.ut@protonmail.edu,19,$8424
Alec,07624 742437,at.arcu@protonmail.ca,41,$8961
Madeline,055 7182 5261,sapien.imperdiet.ornare@yahoo.ca,24,$8708
Rigel,0800 011488,commodo.ipsum.suspendisse@aol.org,18,$7683
Mallory,0845 46 41,proin.velit@icloud.couk,33,$6849
Alexis,0941 807 3616,tempor.arcu.vestibulum@protonmail.edu,21,$8264
Oprah,0800 647607,non.justo.proin@aol.ca,37,$7279
Calvin,070 0523 8950,orci.ut@hotmail.com,37,$6491
